periodo_contable,tipo_indicador,nombre_campo,total_registros,cantidad_mala,porcentaje,es_total
202507,completitud,CEDIDAS_AS400 · 410305 · AA,3722,0,100.0,False
202507,completitud,CEDIDAS_AS400 · 510305 · AA,5124,0,100.0,False
202507,completitud,CEDIDAS_IAXIS · 410305 · AL,1652,0,100.0,False
202507,completitud,CEDIDAS_IAXIS · 510305 · AL,39642,0,100.0,False
202507,completitud,CEDIDAS_TERREMOTO · 263005 · AA,125121,0,100.0,False
202507,completitud,CEDIDAS_TERREMOTO · 263005 · AL,39907,0,100.0,False
202507,completitud,CEDIDAS_TERREMOTO · 410305 · AA,69950,0,100.0,False
202507,completitud,CEDIDAS_TERREMOTO · 410305 · AL,14799,0,100.0,False
202507,completitud,CEDIDAS_TERREMOTO · 510305 · AA,55171,0,100.0,False
202507,completitud,CEDIDAS_TERREMOTO · 510305 · AL,25108,0,100.0,False
202507,completitud,DIRECTA_IAXIS · 410305 · AA,53116,0,100.0,False
202507,completitud,DIRECTA_IAXIS · 410305 · AL,3861094,0,100.0,False
202507,completitud,DIRECTA_IAXIS · 410310 · AA,7835,0,100.0,False
202507,completitud,DIRECTA_IAXIS · 410310 · AL,611165,0,100.0,False
202507,completitud,DIRECTA_IAXIS · 410315 · AL,68331,0,100.0,False
202507,completitud,DIRECTA_IAXIS · 510305 · AA,536259,0,100.0,False
202507,completitud,DIRECTA_IAXIS · 510305 · AL,9628882,0,100.0,False
202507,completitud,DIRECTA_IAXIS · 510310 · AA,70511,0,100.0,False
202507,completitud,DIRECTA_IAXIS · 510310 · AL,1842976,0,100.0,False
202507,completitud,DIRECTA_IAXIS · 510315 · AL,59243,0,100.0,False
202507,completitud,TOTAL_PERIODO,17119608,0,100.0,True
202507,disponibilidad,disponibilidad_carga,20,0,100.0,True
202507,disponibilidad,frescura_carga,4,0,100.0,True
202507,disponibilidad,valores_en_cero,17119608,12806,99.93,True
202507,validez,CEDIDAS_AS400 · 410305 · AA,3722,0,100.0,False
202507,validez,CEDIDAS_AS400 · 510305 · AA,5124,0,100.0,False
202507,validez,CEDIDAS_IAXIS · 410305 · AL,1652,0,100.0,False
202507,validez,CEDIDAS_IAXIS · 510305 · AL,39642,0,100.0,False
202507,validez,CEDIDAS_TERREMOTO · 263005 · AA,125121,0,100.0,False
202507,validez,CEDIDAS_TERREMOTO · 263005 · AL,39907,0,100.0,False
202507,validez,CEDIDAS_TERREMOTO · 410305 · AA,69950,0,100.0,False
202507,validez,CEDIDAS_TERREMOTO · 410305 · AL,14799,0,100.0,False
202507,validez,CEDIDAS_TERREMOTO · 510305 · AA,55171,0,100.0,False
202507,validez,CEDIDAS_TERREMOTO · 510305 · AL,25108,0,100.0,False
202507,validez,DIRECTA_IAXIS · 410305 · AA,53116,0,100.0,False
202507,validez,DIRECTA_IAXIS · 410305 · AL,3861094,0,100.0,False
202507,validez,DIRECTA_IAXIS · 410310 · AA,7835,0,100.0,False
202507,validez,DIRECTA_IAXIS · 410310 · AL,611165,0,100.0,False
202507,validez,DIRECTA_IAXIS · 410315 · AL,68331,0,100.0,False
202507,validez,DIRECTA_IAXIS · 510305 · AA,536259,0,100.0,False
202507,validez,DIRECTA_IAXIS · 510305 · AL,9628882,0,100.0,False
202507,validez,DIRECTA_IAXIS · 510310 · AA,70511,0,100.0,False
202507,validez,DIRECTA_IAXIS · 510310 · AL,1842976,0,100.0,False
202507,validez,DIRECTA_IAXIS · 510315 · AL,59243,0,100.0,False
202507,validez,TOTAL_PERIODO,17119608,0,100.0,True
202507,variacion,CEDIDAS_AS400 · 410305 · AA,3722,0,90.07,False
202507,variacion,CEDIDAS_AS400 · 510305 · AA,5124,0,93.23,False
202507,variacion,CEDIDAS_IAXIS · 410305 · AL,1652,0,91.24,False
202507,variacion,CEDIDAS_IAXIS · 510305 · AL,39642,0,93.8,False
202507,variacion,CEDIDAS_TERREMOTO · 263005 · AA,125121,0,86.51,False
202507,variacion,CEDIDAS_TERREMOTO · 263005 · AL,39907,0,86.63,False
202507,variacion,CEDIDAS_TERREMOTO · 410305 · AA,69950,0,90.47,False
202507,variacion,CEDIDAS_TERREMOTO · 410305 · AL,14799,0,88.12,False
202507,variacion,CEDIDAS_TERREMOTO · 510305 · AA,55171,0,83.44,False
202507,variacion,CEDIDAS_TERREMOTO · 510305 · AL,25108,0,90.68,False
202507,variacion,DIRECTA_IAXIS · 410305 · AA,53116,0,92.88,False
202507,variacion,DIRECTA_IAXIS · 410305 · AL,3861094,0,95.62,False
202507,variacion,DIRECTA_IAXIS · 410310 · AA,7835,0,96.27,False
202507,variacion,DIRECTA_IAXIS · 410310 · AL,611165,0,95.38,False
202507,variacion,DIRECTA_IAXIS · 410315 · AL,68331,0,97.86,False
202507,variacion,DIRECTA_IAXIS · 510305 · AA,536259,0,90.94,False
202507,variacion,DIRECTA_IAXIS · 510305 · AL,9628882,0,97.75,False
202507,variacion,DIRECTA_IAXIS · 510310 · AA,70511,0,91.09,False
202507,variacion,DIRECTA_IAXIS · 510310 · AL,1842976,0,93.92,False
202507,variacion,DIRECTA_IAXIS · 510315 · AL,59243,0,90.79,False
202507,variacion,TOTAL_PERIODO,17119608,0,91.83,True
202508,completitud,CEDIDAS_AS400 · 410305 · AA,3550,0,100.0,False
202508,completitud,CEDIDAS_AS400 · 510305 · AA,5584,0,100.0,False
202508,completitud,CEDIDAS_IAXIS · 410305 · AL,654,0,100.0,False
202508,completitud,CEDIDAS_IAXIS · 510305 · AL,56228,0,100.0,False
202508,completitud,CEDIDAS_TERREMOTO · 263005 · AA,125146,0,100.0,False
202508,completitud,CEDIDAS_TERREMOTO · 263005 · AL,37287,0,100.0,False
202508,completitud,CEDIDAS_TERREMOTO · 410305 · AA,69938,0,100.0,False
202508,completitud,CEDIDAS_TERREMOTO · 410305 · AL,13745,0,100.0,False
202508,completitud,CEDIDAS_TERREMOTO · 510305 · AA,55208,0,100.0,False
202508,completitud,CEDIDAS_TERREMOTO · 510305 · AL,23542,0,100.0,False
202508,completitud,DIRECTA_IAXIS · 410305 · AA,48950,0,100.0,False
202508,completitud,DIRECTA_IAXIS · 410305 · AL,3243169,0,100.0,False
202508,completitud,DIRECTA_IAXIS · 410310 · AA,6397,0,100.0,False
202508,completitud,DIRECTA_IAXIS · 410310 · AL,489857,0,100.0,False
202508,completitud,DIRECTA_IAXIS · 410315 · AL,55523,0,100.0,False
202508,completitud,DIRECTA_IAXIS · 510305 · AA,308879,0,100.0,False
202508,completitud,DIRECTA_IAXIS · 510305 · AL,10805853,0,100.0,False
202508,completitud,DIRECTA_IAXIS · 510310 · AA,69288,0,100.0,False
202508,completitud,DIRECTA_IAXIS · 510310 · AL,2017636,0,100.0,False
202508,completitud,DIRECTA_IAXIS · 510315 · AL,68916,0,100.0,False
202508,completitud,TOTAL_PERIODO,17505350,0,100.0,True
202508,disponibilidad,disponibilidad_carga,20,0,100.0,True
202508,disponibilidad,frescura_carga,4,0,100.0,True
202508,disponibilidad,valores_en_cero,17505350,15455,99.91,True
202508,validez,CEDIDAS_AS400 · 410305 · AA,3550,0,100.0,False
202508,validez,CEDIDAS_AS400 · 510305 · AA,5584,0,100.0,False
202508,validez,CEDIDAS_IAXIS · 410305 · AL,654,0,100.0,False
202508,validez,CEDIDAS_IAXIS · 510305 · AL,56228,0,100.0,False
202508,validez,CEDIDAS_TERREMOTO · 263005 · AA,125146,0,100.0,False
202508,validez,CEDIDAS_TERREMOTO · 263005 · AL,37287,0,100.0,False
202508,validez,CEDIDAS_TERREMOTO · 410305 · AA,69938,0,100.0,False
202508,validez,CEDIDAS_TERREMOTO · 410305 · AL,13745,0,100.0,False
202508,validez,CEDIDAS_TERREMOTO · 510305 · AA,55208,0,100.0,False
202508,validez,CEDIDAS_TERREMOTO · 510305 · AL,23542,0,100.0,False
202508,validez,DIRECTA_IAXIS · 410305 · AA,48950,0,100.0,False
202508,validez,DIRECTA_IAXIS · 410305 · AL,3243169,0,100.0,False
202508,validez,DIRECTA_IAXIS · 410310 · AA,6397,0,100.0,False
202508,validez,DIRECTA_IAXIS · 410310 · AL,489857,0,100.0,False
202508,validez,DIRECTA_IAXIS · 410315 · AL,55523,0,100.0,False
202508,validez,DIRECTA_IAXIS · 510305 · AA,308879,0,100.0,False
202508,validez,DIRECTA_IAXIS · 510305 · AL,10805853,0,100.0,False
202508,validez,DIRECTA_IAXIS · 510310 · AA,69288,0,100.0,False
202508,validez,DIRECTA_IAXIS · 510310 · AL,2017636,0,100.0,False
202508,validez,DIRECTA_IAXIS · 510315 · AL,68916,0,100.0,False
202508,validez,TOTAL_PERIODO,17505350,0,100.0,True
202508,variacion,CEDIDAS_AS400 · 410305 · AA,3550,0,93.06,False
202508,variacion,CEDIDAS_AS400 · 510305 · AA,5584,5584,0.0,False
202508,variacion,CEDIDAS_IAXIS · 410305 · AL,654,654,39.59,False
202508,variacion,CEDIDAS_IAXIS · 510305 · AL,56228,56228,0.0,False
202508,variacion,CEDIDAS_TERREMOTO · 263005 · AA,125146,125146,0.0,False
202508,variacion,CEDIDAS_TERREMOTO · 263005 · AL,37287,37287,73.74,False
202508,variacion,CEDIDAS_TERREMOTO · 410305 · AA,69938,69938,0.0,False
202508,variacion,CEDIDAS_TERREMOTO · 410305 · AL,13745,13745,19.81,False
202508,variacion,CEDIDAS_TERREMOTO · 510305 · AA,55208,55208,0.0,False
202508,variacion,CEDIDAS_TERREMOTO · 510305 · AL,23542,0,82.29,False
202508,variacion,DIRECTA_IAXIS · 410305 · AA,48950,48950,47.87,False
202508,variacion,DIRECTA_IAXIS · 410305 · AL,3243169,0,83.61,False
202508,variacion,DIRECTA_IAXIS · 410310 · AA,6397,0,81.65,False
202508,variacion,DIRECTA_IAXIS · 410310 · AL,489857,0,80.15,False
202508,variacion,DIRECTA_IAXIS · 410315 · AL,55523,0,81.26,False
202508,variacion,DIRECTA_IAXIS · 510305 · AA,308879,308879,0.0,False
202508,variacion,DIRECTA_IAXIS · 510305 · AL,10805853,0,87.78,False
202508,variacion,DIRECTA_IAXIS · 510310 · AA,69288,69288,0.0,False
202508,variacion,DIRECTA_IAXIS · 510310 · AL,2017636,0,87.88,False
202508,variacion,DIRECTA_IAXIS · 510315 · AL,68916,68916,62.32,False
202508,variacion,TOTAL_PERIODO,17505350,859823,46.05,True
202509,completitud,CEDIDAS_AS400 · 410305 · AA,3429,0,100.0,False
202509,completitud,CEDIDAS_AS400 · 510305 · AA,5749,0,100.0,False
202509,completitud,CEDIDAS_IAXIS · 410305 · AL,565,0,100.0,False
202509,completitud,CEDIDAS_IAXIS · 510305 · AL,62450,0,100.0,False
202509,completitud,CEDIDAS_TERREMOTO · 263005 · AA,125233,0,100.0,False
202509,completitud,CEDIDAS_TERREMOTO · 263005 · AL,43469,0,100.0,False
202509,completitud,CEDIDAS_TERREMOTO · 410305 · AA,69941,0,100.0,False
202509,completitud,CEDIDAS_TERREMOTO · 410305 · AL,13709,0,100.0,False
202509,completitud,CEDIDAS_TERREMOTO · 510305 · AA,55292,0,100.0,False
202509,completitud,CEDIDAS_TERREMOTO · 510305 · AL,29760,0,100.0,False
202509,completitud,DIRECTA_IAXIS · 410305 · AA,45221,0,100.0,False
202509,completitud,DIRECTA_IAXIS · 410305 · AL,2618366,0,100.0,False
202509,completitud,DIRECTA_IAXIS · 410310 · AA,5392,0,100.0,False
202509,completitud,DIRECTA_IAXIS · 410310 · AL,383906,0,100.0,False
202509,completitud,DIRECTA_IAXIS · 410315 · AL,42980,0,100.0,False
202509,completitud,DIRECTA_IAXIS · 510305 · AA,309590,0,100.0,False
202509,completitud,DIRECTA_IAXIS · 510305 · AL,11937948,0,100.0,False
202509,completitud,DIRECTA_IAXIS · 510310 · AA,69279,0,100.0,False
202509,completitud,DIRECTA_IAXIS · 510310 · AL,2296970,0,100.0,False
202509,completitud,DIRECTA_IAXIS · 510315 · AL,78044,0,100.0,False
202509,completitud,TOTAL_PERIODO,18197293,0,100.0,True
202509,disponibilidad,disponibilidad_carga,20,0,100.0,True
202509,disponibilidad,frescura_carga,4,0,100.0,True
202509,disponibilidad,valores_en_cero,18197293,38973,99.79,True
202509,validez,CEDIDAS_AS400 · 410305 · AA,3429,0,100.0,False
202509,validez,CEDIDAS_AS400 · 510305 · AA,5749,0,100.0,False
202509,validez,CEDIDAS_IAXIS · 410305 · AL,565,0,100.0,False
202509,validez,CEDIDAS_IAXIS · 510305 · AL,62450,0,100.0,False
202509,validez,CEDIDAS_TERREMOTO · 263005 · AA,125233,0,100.0,False
202509,validez,CEDIDAS_TERREMOTO · 263005 · AL,43469,0,100.0,False
202509,validez,CEDIDAS_TERREMOTO · 410305 · AA,69941,0,100.0,False
202509,validez,CEDIDAS_TERREMOTO · 410305 · AL,13709,0,100.0,False
202509,validez,CEDIDAS_TERREMOTO · 510305 · AA,55292,0,100.0,False
202509,validez,CEDIDAS_TERREMOTO · 510305 · AL,29760,0,100.0,False
202509,validez,DIRECTA_IAXIS · 410305 · AA,45221,0,100.0,False
202509,validez,DIRECTA_IAXIS · 410305 · AL,2618366,0,100.0,False
202509,validez,DIRECTA_IAXIS · 410310 · AA,5392,0,100.0,False
202509,validez,DIRECTA_IAXIS · 410310 · AL,383906,0,100.0,False
202509,validez,DIRECTA_IAXIS · 410315 · AL,42980,0,100.0,False
202509,validez,DIRECTA_IAXIS · 510305 · AA,309590,0,100.0,False
202509,validez,DIRECTA_IAXIS · 510305 · AL,11937948,0,100.0,False
202509,validez,DIRECTA_IAXIS · 510310 · AA,69279,0,100.0,False
202509,validez,DIRECTA_IAXIS · 510310 · AL,2296970,0,100.0,False
202509,validez,DIRECTA_IAXIS · 510315 · AL,78044,0,100.0,False
202509,validez,TOTAL_PERIODO,18197293,0,100.0,True
202509,variacion,CEDIDAS_AS400 · 410305 · AA,3429,0,90.07,False
202509,variacion,CEDIDAS_AS400 · 510305 · AA,5749,0,89.89,False
202509,variacion,CEDIDAS_IAXIS · 410305 · AL,565,0,83.85,False
202509,variacion,CEDIDAS_IAXIS · 510305 · AL,62450,62450,16.3,False
202509,variacion,CEDIDAS_TERREMOTO · 263005 · AA,125233,125233,0.0,False
202509,variacion,CEDIDAS_TERREMOTO · 263005 · AL,43469,43469,0.0,False
202509,variacion,CEDIDAS_TERREMOTO · 410305 · AA,69941,69941,32.94,False
202509,variacion,CEDIDAS_TERREMOTO · 410305 · AL,13709,13709,0.0,False
202509,variacion,CEDIDAS_TERREMOTO · 510305 · AA,55292,55292,0.0,False
202509,variacion,CEDIDAS_TERREMOTO · 510305 · AL,29760,29760,0.0,False
202509,variacion,DIRECTA_IAXIS · 410305 · AA,45221,45221,0.0,False
202509,variacion,DIRECTA_IAXIS · 410305 · AL,2618366,2618366,78.33,False
202509,variacion,DIRECTA_IAXIS · 410310 · AA,5392,5392,77.08,False
202509,variacion,DIRECTA_IAXIS · 410310 · AL,383906,383906,78.37,False
202509,variacion,DIRECTA_IAXIS · 410315 · AL,42980,42980,76.06,False
202509,variacion,DIRECTA_IAXIS · 510305 · AA,309590,309590,18.51,False
202509,variacion,DIRECTA_IAXIS · 510305 · AL,11937948,0,85.2,False
202509,variacion,DIRECTA_IAXIS · 510310 · AA,69279,69279,0.0,False
202509,variacion,DIRECTA_IAXIS · 510310 · AL,2296970,2296970,71.47,False
202509,variacion,DIRECTA_IAXIS · 510315 · AL,78044,0,86.75,False
202509,variacion,TOTAL_PERIODO,18197293,6171558,44.24,True
202510,completitud,CEDIDAS_AS400 · 410305 · AA,3278,0,100.0,False
202510,completitud,CEDIDAS_AS400 · 510305 · AA,5818,0,100.0,False
202510,completitud,CEDIDAS_IAXIS · 410305 · AL,427,0,100.0,False
202510,completitud,CEDIDAS_IAXIS · 510305 · AL,71791,0,100.0,False
202510,completitud,CEDIDAS_TERREMOTO · 263005 · AA,126189,0,100.0,False
202510,completitud,CEDIDAS_TERREMOTO · 263005 · AL,198683,0,100.0,False
202510,completitud,CEDIDAS_TERREMOTO · 410305 · AA,126156,0,100.0,False
202510,completitud,CEDIDAS_TERREMOTO · 410305 · AL,196138,0,100.0,False
202510,completitud,CEDIDAS_TERREMOTO · 510305 · AA,33,0,100.0,False
202510,completitud,CEDIDAS_TERREMOTO · 510305 · AL,2545,0,100.0,False
202510,completitud,DIRECTA_IAXIS · 410305 · AA,41631,0,100.0,False
202510,completitud,DIRECTA_IAXIS · 410305 · AL,1894891,0,100.0,False
202510,completitud,DIRECTA_IAXIS · 410310 · AA,4369,0,100.0,False
202510,completitud,DIRECTA_IAXIS · 410310 · AL,285454,0,100.0,False
202510,completitud,DIRECTA_IAXIS · 410315 · AL,30623,0,100.0,False
202510,completitud,DIRECTA_IAXIS · 510305 · AA,511039,0,100.0,False
202510,completitud,DIRECTA_IAXIS · 510305 · AL,13424853,0,100.0,False
202510,completitud,DIRECTA_IAXIS · 510310 · AA,70555,0,100.0,False
202510,completitud,DIRECTA_IAXIS · 510310 · AL,2559885,0,100.0,False
202510,completitud,DIRECTA_IAXIS · 510315 · AL,87857,0,100.0,False
202510,completitud,TOTAL_PERIODO,19642215,0,100.0,True
202510,disponibilidad,disponibilidad_carga,20,0,100.0,True
202510,disponibilidad,frescura_carga,4,0,100.0,True
202510,disponibilidad,valores_en_cero,19642215,136534,99.3,True
202510,validez,CEDIDAS_AS400 · 410305 · AA,3278,0,100.0,False
202510,validez,CEDIDAS_AS400 · 510305 · AA,5818,0,100.0,False
202510,validez,CEDIDAS_IAXIS · 410305 · AL,427,0,100.0,False
202510,validez,CEDIDAS_IAXIS · 510305 · AL,71791,0,100.0,False
202510,validez,CEDIDAS_TERREMOTO · 263005 · AA,126189,0,100.0,False
202510,validez,CEDIDAS_TERREMOTO · 263005 · AL,198683,0,100.0,False
202510,validez,CEDIDAS_TERREMOTO · 410305 · AA,126156,0,100.0,False
202510,validez,CEDIDAS_TERREMOTO · 410305 · AL,196138,0,100.0,False
202510,validez,CEDIDAS_TERREMOTO · 510305 · AA,33,0,100.0,False
202510,validez,CEDIDAS_TERREMOTO · 510305 · AL,2545,0,100.0,False
202510,validez,DIRECTA_IAXIS · 410305 · AA,41631,0,100.0,False
202510,validez,DIRECTA_IAXIS · 410305 · AL,1894891,0,100.0,False
202510,validez,DIRECTA_IAXIS · 410310 · AA,4369,0,100.0,False
202510,validez,DIRECTA_IAXIS · 410310 · AL,285454,0,100.0,False
202510,validez,DIRECTA_IAXIS · 410315 · AL,30623,0,100.0,False
202510,validez,DIRECTA_IAXIS · 510305 · AA,511039,0,100.0,False
202510,validez,DIRECTA_IAXIS · 510305 · AL,13424853,0,100.0,False
202510,validez,DIRECTA_IAXIS · 510310 · AA,70555,0,100.0,False
202510,validez,DIRECTA_IAXIS · 510310 · AL,2559885,0,100.0,False
202510,validez,DIRECTA_IAXIS · 510315 · AL,87857,0,100.0,False
202510,validez,TOTAL_PERIODO,19642215,0,100.0,True
202510,variacion,CEDIDAS_AS400 · 410305 · AA,3278,0,90.89,False
202510,variacion,CEDIDAS_AS400 · 510305 · AA,5818,5818,0.0,False
202510,variacion,CEDIDAS_IAXIS · 410305 · AL,427,427,74.66,False
202510,variacion,CEDIDAS_IAXIS · 510305 · AL,71791,71791,0.0,False
202510,variacion,CEDIDAS_TERREMOTO · 263005 · AA,126189,126189,0.0,False
202510,variacion,CEDIDAS_TERREMOTO · 263005 · AL,198683,198683,0.0,False
202510,variacion,CEDIDAS_TERREMOTO · 410305 · AA,126156,126156,0.0,False
202510,variacion,CEDIDAS_TERREMOTO · 410305 · AL,196138,196138,0.0,False
202510,variacion,CEDIDAS_TERREMOTO · 510305 · AA,33,33,0.0,False
202510,variacion,CEDIDAS_TERREMOTO · 510305 · AL,2545,2545,0.0,False
202510,variacion,DIRECTA_IAXIS · 410305 · AA,41631,41631,71.82,False
202510,variacion,DIRECTA_IAXIS · 410305 · AL,1894891,1894891,70.39,False
202510,variacion,DIRECTA_IAXIS · 410310 · AA,4369,0,80.58,False
202510,variacion,DIRECTA_IAXIS · 410310 · AL,285454,285454,74.36,False
202510,variacion,DIRECTA_IAXIS · 410315 · AL,30623,30623,71.25,False
202510,variacion,DIRECTA_IAXIS · 510305 · AA,511039,511039,0.0,False
202510,variacion,DIRECTA_IAXIS · 510305 · AL,13424853,13424853,54.6,False
202510,variacion,DIRECTA_IAXIS · 510310 · AA,70555,70555,0.0,False
202510,variacion,DIRECTA_IAXIS · 510310 · AL,2559885,0,88.55,False
202510,variacion,DIRECTA_IAXIS · 510315 · AL,87857,0,87.43,False
202510,variacion,TOTAL_PERIODO,19642215,16986826,38.23,True
202511,completitud,CEDIDAS_AS400 · 410305 · AA,3114,0,100.0,False
202511,completitud,CEDIDAS_AS400 · 510305 · AA,5909,0,100.0,False
202511,completitud,CEDIDAS_IAXIS · 410305 · AL,342,0,100.0,False
202511,completitud,CEDIDAS_IAXIS · 510305 · AL,69718,0,100.0,False
202511,completitud,CEDIDAS_TERREMOTO · 263005 · AA,1176,0,100.0,False
202511,completitud,CEDIDAS_TERREMOTO · 263005 · AL,200898,0,100.0,False
202511,completitud,CEDIDAS_TERREMOTO · 410305 · AA,821,0,100.0,False
202511,completitud,CEDIDAS_TERREMOTO · 410305 · AL,75386,0,100.0,False
202511,completitud,CEDIDAS_TERREMOTO · 510305 · AA,355,0,100.0,False
202511,completitud,CEDIDAS_TERREMOTO · 510305 · AL,125512,0,100.0,False
202511,completitud,DIRECTA_IAXIS · 410305 · AA,38174,0,100.0,False
202511,completitud,DIRECTA_IAXIS · 410305 · AL,1189906,0,100.0,False
202511,completitud,DIRECTA_IAXIS · 410310 · AA,3467,0,100.0,False
202511,completitud,DIRECTA_IAXIS · 410310 · AL,190155,0,100.0,False
202511,completitud,DIRECTA_IAXIS · 410315 · AL,19248,0,100.0,False
202511,completitud,DIRECTA_IAXIS · 510305 · AA,508939,0,100.0,False
202511,completitud,DIRECTA_IAXIS · 510305 · AL,14495158,0,100.0,False
202511,completitud,DIRECTA_IAXIS · 510310 · AA,69429,0,100.0,False
202511,completitud,DIRECTA_IAXIS · 510310 · AL,2715092,0,100.0,False
202511,completitud,DIRECTA_IAXIS · 510315 · AL,97895,0,100.0,False
202511,completitud,TOTAL_PERIODO,19810694,0,100.0,True
202511,disponibilidad,disponibilidad_carga,20,0,100.0,True
202511,disponibilidad,frescura_carga,4,0,100.0,True
202511,disponibilidad,valores_en_cero,19810694,81169,99.59,True
202511,validez,CEDIDAS_AS400 · 410305 · AA,3114,0,100.0,False
202511,validez,CEDIDAS_AS400 · 510305 · AA,5909,0,100.0,False
202511,validez,CEDIDAS_IAXIS · 410305 · AL,342,0,100.0,False
202511,validez,CEDIDAS_IAXIS · 510305 · AL,69718,0,100.0,False
202511,validez,CEDIDAS_TERREMOTO · 263005 · AA,1176,0,100.0,False
202511,validez,CEDIDAS_TERREMOTO · 263005 · AL,200898,0,100.0,False
202511,validez,CEDIDAS_TERREMOTO · 410305 · AA,821,0,100.0,False
202511,validez,CEDIDAS_TERREMOTO · 410305 · AL,75386,0,100.0,False
202511,validez,CEDIDAS_TERREMOTO · 510305 · AA,355,0,100.0,False
202511,validez,CEDIDAS_TERREMOTO · 510305 · AL,125512,0,100.0,False
202511,validez,DIRECTA_IAXIS · 410305 · AA,38174,0,100.0,False
202511,validez,DIRECTA_IAXIS · 410305 · AL,1189906,0,100.0,False
202511,validez,DIRECTA_IAXIS · 410310 · AA,3467,0,100.0,False
202511,validez,DIRECTA_IAXIS · 410310 · AL,190155,0,100.0,False
202511,validez,DIRECTA_IAXIS · 410315 · AL,19248,0,100.0,False
202511,validez,DIRECTA_IAXIS · 510305 · AA,508939,0,100.0,False
202511,validez,DIRECTA_IAXIS · 510305 · AL,14495158,0,100.0,False
202511,validez,DIRECTA_IAXIS · 510310 · AA,69429,0,100.0,False
202511,validez,DIRECTA_IAXIS · 510310 · AL,2715092,0,100.0,False
202511,validez,DIRECTA_IAXIS · 510315 · AL,97895,0,100.0,False
202511,validez,TOTAL_PERIODO,19810694,0,100.0,True
202511,variacion,CEDIDAS_AS400 · 410305 · AA,3114,0,87.32,False
202511,variacion,CEDIDAS_AS400 · 510305 · AA,5909,5909,41.16,False
202511,variacion,CEDIDAS_IAXIS · 410305 · AL,342,342,77.22,False
202511,variacion,CEDIDAS_IAXIS · 510305 · AL,69718,0,93.06,False
202511,variacion,CEDIDAS_TERREMOTO · 263005 · AA,1176,1176,0.0,False
202511,variacion,CEDIDAS_TERREMOTO · 263005 · AL,200898,200898,72.47,False
202511,variacion,CEDIDAS_TERREMOTO · 410305 · AA,821,821,0.0,False
202511,variacion,CEDIDAS_TERREMOTO · 410305 · AL,75386,75386,0.0,False
202511,variacion,CEDIDAS_TERREMOTO · 510305 · AA,355,355,0.0,False
202511,variacion,CEDIDAS_TERREMOTO · 510305 · AL,125512,125512,0.0,False
202511,variacion,DIRECTA_IAXIS · 410305 · AA,38174,0,91.7,False
202511,variacion,DIRECTA_IAXIS · 410305 · AL,1189906,1189906,62.8,False
202511,variacion,DIRECTA_IAXIS · 410310 · AA,3467,3467,64.65,False
202511,variacion,DIRECTA_IAXIS · 410310 · AL,190155,190155,66.61,False
202511,variacion,DIRECTA_IAXIS · 410315 · AL,19248,19248,62.17,False
202511,variacion,DIRECTA_IAXIS · 510305 · AA,508939,508939,49.2,False
202511,variacion,DIRECTA_IAXIS · 510305 · AL,14495158,14495158,50.72,False
202511,variacion,DIRECTA_IAXIS · 510310 · AA,69429,69429,0.0,False
202511,variacion,DIRECTA_IAXIS · 510310 · AL,2715092,0,85.78,False
202511,variacion,DIRECTA_IAXIS · 510315 · AL,97895,97895,76.78,False
202511,variacion,TOTAL_PERIODO,19810694,16984596,49.08,True
202512,completitud,CEDIDAS_AS400 · 410305 · AA,2991,0,100.0,False
202512,completitud,CEDIDAS_AS400 · 510305 · AA,5750,0,100.0,False
202512,completitud,CEDIDAS_IAXIS · 410305 · AL,227,0,100.0,False
202512,completitud,CEDIDAS_IAXIS · 510305 · AL,64575,0,100.0,False
202512,completitud,CEDIDAS_TERREMOTO · 263005 · AA,1146,0,100.0,False
202512,completitud,CEDIDAS_TERREMOTO · 263005 · AL,173270,0,100.0,False
202512,completitud,CEDIDAS_TERREMOTO · 410305 · AA,795,0,100.0,False
202512,completitud,CEDIDAS_TERREMOTO · 410305 · AL,52099,0,100.0,False
202512,completitud,CEDIDAS_TERREMOTO · 510305 · AA,351,0,100.0,False
202512,completitud,CEDIDAS_TERREMOTO · 510305 · AL,121171,0,100.0,False
202512,completitud,DIRECTA_IAXIS · 410305 · AA,34484,0,100.0,False
202512,completitud,DIRECTA_IAXIS · 410305 · AL,541850,0,100.0,False
202512,completitud,DIRECTA_IAXIS · 410310 · AA,1529,0,100.0,False
202512,completitud,DIRECTA_IAXIS · 410310 · AL,93601,0,100.0,False
202512,completitud,DIRECTA_IAXIS · 410315 · AL,7368,0,100.0,False
202512,completitud,DIRECTA_IAXIS · 510305 · AA,512100,0,100.0,False
202512,completitud,DIRECTA_IAXIS · 510305 · AL,15151602,0,100.0,False
202512,completitud,DIRECTA_IAXIS · 510310 · AA,70401,0,100.0,False
202512,completitud,DIRECTA_IAXIS · 510310 · AL,2860080,0,100.0,False
202512,completitud,DIRECTA_IAXIS · 510315 · AL,108714,0,100.0,False
202512,completitud,TOTAL_PERIODO,19804104,0,100.0,True
202512,disponibilidad,disponibilidad_carga,20,0,100.0,True
202512,disponibilidad,frescura_carga,4,0,100.0,True
202512,disponibilidad,valores_en_cero,19804104,76393,99.61,True
202512,validez,CEDIDAS_AS400 · 410305 · AA,2991,0,100.0,False
202512,validez,CEDIDAS_AS400 · 510305 · AA,5750,0,100.0,False
202512,validez,CEDIDAS_IAXIS · 410305 · AL,227,0,100.0,False
202512,validez,CEDIDAS_IAXIS · 510305 · AL,64575,0,100.0,False
202512,validez,CEDIDAS_TERREMOTO · 263005 · AA,1146,0,100.0,False
202512,validez,CEDIDAS_TERREMOTO · 263005 · AL,173270,0,100.0,False
202512,validez,CEDIDAS_TERREMOTO · 410305 · AA,795,0,100.0,False
202512,validez,CEDIDAS_TERREMOTO · 410305 · AL,52099,0,100.0,False
202512,validez,CEDIDAS_TERREMOTO · 510305 · AA,351,0,100.0,False
202512,validez,CEDIDAS_TERREMOTO · 510305 · AL,121171,0,100.0,False
202512,validez,DIRECTA_IAXIS · 410305 · AA,34484,0,100.0,False
202512,validez,DIRECTA_IAXIS · 410305 · AL,541850,0,100.0,False
202512,validez,DIRECTA_IAXIS · 410310 · AA,1529,0,100.0,False
202512,validez,DIRECTA_IAXIS · 410310 · AL,93601,0,100.0,False
202512,validez,DIRECTA_IAXIS · 410315 · AL,7368,0,100.0,False
202512,validez,DIRECTA_IAXIS · 510305 · AA,512100,0,100.0,False
202512,validez,DIRECTA_IAXIS · 510305 · AL,15151602,0,100.0,False
202512,validez,DIRECTA_IAXIS · 510310 · AA,70401,0,100.0,False
202512,validez,DIRECTA_IAXIS · 510310 · AL,2860080,0,100.0,False
202512,validez,DIRECTA_IAXIS · 510315 · AL,108714,0,100.0,False
202512,validez,TOTAL_PERIODO,19804104,0,100.0,True
202512,variacion,CEDIDAS_AS400 · 410305 · AA,2991,0,84.64,False
202512,variacion,CEDIDAS_AS400 · 510305 · AA,5750,0,80.94,False
202512,variacion,CEDIDAS_IAXIS · 410305 · AL,227,227,61.34,False
202512,variacion,CEDIDAS_IAXIS · 510305 · AL,64575,64575,78.79,False
202512,variacion,CEDIDAS_TERREMOTO · 263005 · AA,1146,1146,8.27,False
202512,variacion,CEDIDAS_TERREMOTO · 263005 · AL,173270,173270,0.0,False
202512,variacion,CEDIDAS_TERREMOTO · 410305 · AA,795,795,26.27,False
202512,variacion,CEDIDAS_TERREMOTO · 410305 · AL,52099,52099,0.0,False
202512,variacion,CEDIDAS_TERREMOTO · 510305 · AA,351,351,5.76,False
202512,variacion,CEDIDAS_TERREMOTO · 510305 · AL,121171,121171,0.0,False
202512,variacion,DIRECTA_IAXIS · 410305 · AA,34484,34484,79.43,False
202512,variacion,DIRECTA_IAXIS · 410305 · AL,541850,541850,44.38,False
202512,variacion,DIRECTA_IAXIS · 410310 · AA,1529,1529,43.15,False
202512,variacion,DIRECTA_IAXIS · 410310 · AL,93601,93601,49.22,False
202512,variacion,DIRECTA_IAXIS · 410315 · AL,7368,7368,38.28,False
202512,variacion,DIRECTA_IAXIS · 510305 · AA,512100,0,85.31,False
202512,variacion,DIRECTA_IAXIS · 510305 · AL,15151602,15151602,22.5,False
202512,variacion,DIRECTA_IAXIS · 510310 · AA,70401,70401,0.0,False
202512,variacion,DIRECTA_IAXIS · 510310 · AL,2860080,2860080,4.12,False
202512,variacion,DIRECTA_IAXIS · 510315 · AL,108714,108714,51.54,False
202512,variacion,TOTAL_PERIODO,19804104,19283263,38.2,True
202601,completitud,CEDIDAS_AS400 · 410305 · AA,4407,0,100.0,False
202601,completitud,CEDIDAS_AS400 · 510305 · AA,1531,0,100.0,False
202601,completitud,CEDIDAS_IAXIS · 410305 · AL,35913,0,100.0,False
202601,completitud,CEDIDAS_IAXIS · 510305 · AL,7733,0,100.0,False
202601,completitud,CEDIDAS_TERREMOTO · 263005 · AA,452,0,100.0,False
202601,completitud,CEDIDAS_TERREMOTO · 263005 · AL,176829,0,100.0,False
202601,completitud,CEDIDAS_TERREMOTO · 410305 · AA,437,0,100.0,False
202601,completitud,CEDIDAS_TERREMOTO · 410305 · AL,172653,0,100.0,False
202601,completitud,CEDIDAS_TERREMOTO · 510305 · AA,15,0,100.0,False
202601,completitud,CEDIDAS_TERREMOTO · 510305 · AL,4176,0,100.0,False
202601,completitud,DIRECTA_IAXIS · 410305 · AA,302037,0,100.0,False
202601,completitud,DIRECTA_IAXIS · 410305 · AL,12926390,0,100.0,False
202601,completitud,DIRECTA_IAXIS · 410310 · AA,46549,0,100.0,False
202601,completitud,DIRECTA_IAXIS · 410310 · AL,2428926,0,100.0,False
202601,completitud,DIRECTA_IAXIS · 410315 · AL,109660,0,100.0,False
202601,completitud,DIRECTA_IAXIS · 510305 · AA,240106,0,100.0,False
202601,completitud,DIRECTA_IAXIS · 510305 · AL,3319265,0,100.0,False
202601,completitud,DIRECTA_IAXIS · 510310 · AA,26906,0,100.0,False
202601,completitud,DIRECTA_IAXIS · 510310 · AL,570675,0,100.0,False
202601,completitud,DIRECTA_IAXIS · 510315 · AL,3956,0,100.0,False
202601,completitud,TOTAL_PERIODO,20378616,0,100.0,True
202601,disponibilidad,disponibilidad_carga,20,0,100.0,True
202601,disponibilidad,frescura_carga,4,0,100.0,True
202601,disponibilidad,valores_en_cero,20378616,98131,99.52,True
202601,validez,CEDIDAS_AS400 · 410305 · AA,4407,0,100.0,False
202601,validez,CEDIDAS_AS400 · 510305 · AA,1531,0,100.0,False
202601,validez,CEDIDAS_IAXIS · 410305 · AL,35913,0,100.0,False
202601,validez,CEDIDAS_IAXIS · 510305 · AL,7733,0,100.0,False
202601,validez,CEDIDAS_TERREMOTO · 263005 · AA,452,0,100.0,False
202601,validez,CEDIDAS_TERREMOTO · 263005 · AL,176829,0,100.0,False
202601,validez,CEDIDAS_TERREMOTO · 410305 · AA,437,0,100.0,False
202601,validez,CEDIDAS_TERREMOTO · 410305 · AL,172653,0,100.0,False
202601,validez,CEDIDAS_TERREMOTO · 510305 · AA,15,0,100.0,False
202601,validez,CEDIDAS_TERREMOTO · 510305 · AL,4176,0,100.0,False
202601,validez,DIRECTA_IAXIS · 410305 · AA,302037,0,100.0,False
202601,validez,DIRECTA_IAXIS · 410305 · AL,12926390,0,100.0,False
202601,validez,DIRECTA_IAXIS · 410310 · AA,46549,0,100.0,False
202601,validez,DIRECTA_IAXIS · 410310 · AL,2428926,0,100.0,False
202601,validez,DIRECTA_IAXIS · 410315 · AL,109660,0,100.0,False
202601,validez,DIRECTA_IAXIS · 510305 · AA,240106,0,100.0,False
202601,validez,DIRECTA_IAXIS · 510305 · AL,3319265,0,100.0,False
202601,validez,DIRECTA_IAXIS · 510310 · AA,26906,0,100.0,False
202601,validez,DIRECTA_IAXIS · 510310 · AL,570675,0,100.0,False
202601,validez,DIRECTA_IAXIS · 510315 · AL,3956,0,100.0,False
202601,validez,TOTAL_PERIODO,20378616,0,100.0,True
202601,variacion,CEDIDAS_AS400 · 410305 · AA,4407,4407,52.51,False
202601,variacion,CEDIDAS_AS400 · 510305 · AA,1531,1531,0.0,False
202601,variacion,CEDIDAS_IAXIS · 410305 · AL,35913,35913,0.0,False
202601,variacion,CEDIDAS_IAXIS · 510305 · AL,7733,7733,0.0,False
202601,variacion,CEDIDAS_TERREMOTO · 263005 · AA,452,452,0.0,False
202601,variacion,CEDIDAS_TERREMOTO · 263005 · AL,176829,176829,0.0,False
202601,variacion,CEDIDAS_TERREMOTO · 410305 · AA,437,437,0.0,False
202601,variacion,CEDIDAS_TERREMOTO · 410305 · AL,172653,172653,0.0,False
202601,variacion,CEDIDAS_TERREMOTO · 510305 · AA,15,15,0.0,False
202601,variacion,CEDIDAS_TERREMOTO · 510305 · AL,4176,4176,0.0,False
202601,variacion,DIRECTA_IAXIS · 410305 · AA,302037,302037,0.0,False
202601,variacion,DIRECTA_IAXIS · 410305 · AL,12926390,12926390,0.0,False
202601,variacion,DIRECTA_IAXIS · 410310 · AA,46549,46549,0.0,False
202601,variacion,DIRECTA_IAXIS · 410310 · AL,2428926,2428926,0.0,False
202601,variacion,DIRECTA_IAXIS · 410315 · AL,109660,109660,0.0,False
202601,variacion,DIRECTA_IAXIS · 510305 · AA,240106,240106,0.0,False
202601,variacion,DIRECTA_IAXIS · 510305 · AL,3319265,3319265,0.0,False
202601,variacion,DIRECTA_IAXIS · 510310 · AA,26906,26906,0.0,False
202601,variacion,DIRECTA_IAXIS · 510310 · AL,570675,570675,0.0,False
202601,variacion,DIRECTA_IAXIS · 510315 · AL,3956,3956,0.0,False
202601,variacion,TOTAL_PERIODO,20378616,20378616,2.63,True
202602,completitud,CEDIDAS_AS400 · 410305 · AA,4319,0,100.0,False
202602,completitud,CEDIDAS_AS400 · 510305 · AA,1719,0,100.0,False
202602,completitud,CEDIDAS_IAXIS · 410305 · AL,35819,0,100.0,False
202602,completitud,CEDIDAS_IAXIS · 510305 · AL,9671,0,100.0,False
202602,completitud,CEDIDAS_TERREMOTO · 263005 · AA,785,0,100.0,False
202602,completitud,CEDIDAS_TERREMOTO · 263005 · AL,115098,0,100.0,False
202602,completitud,CEDIDAS_TERREMOTO · 410305 · AA,740,0,100.0,False
202602,completitud,CEDIDAS_TERREMOTO · 410305 · AL,106128,0,100.0,False
202602,completitud,CEDIDAS_TERREMOTO · 510305 · AA,45,0,100.0,False
202602,completitud,CEDIDAS_TERREMOTO · 510305 · AL,8970,0,100.0,False
202602,completitud,DIRECTA_IAXIS · 410305 · AA,55240,0,100.0,False
202602,completitud,DIRECTA_IAXIS · 410305 · AL,9792933,0,100.0,False
202602,completitud,DIRECTA_IAXIS · 410310 · AA,19188,0,100.0,False
202602,completitud,DIRECTA_IAXIS · 410310 · AL,1744185,0,100.0,False
202602,completitud,DIRECTA_IAXIS · 410315 · AL,99486,0,100.0,False
202602,completitud,DIRECTA_IAXIS · 510305 · AA,481802,0,100.0,False
202602,completitud,DIRECTA_IAXIS · 510305 · AL,7047897,0,100.0,False
202602,completitud,DIRECTA_IAXIS · 510310 · AA,52187,0,100.0,False
202602,completitud,DIRECTA_IAXIS · 510310 · AL,1471853,0,100.0,False
202602,completitud,DIRECTA_IAXIS · 510315 · AL,11426,0,100.0,False
202602,completitud,TOTAL_PERIODO,21059491,0,100.0,True
202602,disponibilidad,disponibilidad_carga,20,0,100.0,True
202602,disponibilidad,frescura_carga,4,0,100.0,True
202602,disponibilidad,valores_en_cero,21059491,26214,99.88,True
202602,validez,CEDIDAS_AS400 · 410305 · AA,4319,0,100.0,False
202602,validez,CEDIDAS_AS400 · 510305 · AA,1719,0,100.0,False
202602,validez,CEDIDAS_IAXIS · 410305 · AL,35819,0,100.0,False
202602,validez,CEDIDAS_IAXIS · 510305 · AL,9671,0,100.0,False
202602,validez,CEDIDAS_TERREMOTO · 263005 · AA,785,0,100.0,False
202602,validez,CEDIDAS_TERREMOTO · 263005 · AL,115098,0,100.0,False
202602,validez,CEDIDAS_TERREMOTO · 410305 · AA,740,0,100.0,False
202602,validez,CEDIDAS_TERREMOTO · 410305 · AL,106128,0,100.0,False
202602,validez,CEDIDAS_TERREMOTO · 510305 · AA,45,0,100.0,False
202602,validez,CEDIDAS_TERREMOTO · 510305 · AL,8970,0,100.0,False
202602,validez,DIRECTA_IAXIS · 410305 · AA,55240,0,100.0,False
202602,validez,DIRECTA_IAXIS · 410305 · AL,9792933,0,100.0,False
202602,validez,DIRECTA_IAXIS · 410310 · AA,19188,0,100.0,False
202602,validez,DIRECTA_IAXIS · 410310 · AL,1744185,0,100.0,False
202602,validez,DIRECTA_IAXIS · 410315 · AL,99486,0,100.0,False
202602,validez,DIRECTA_IAXIS · 510305 · AA,481802,0,100.0,False
202602,validez,DIRECTA_IAXIS · 510305 · AL,7047897,0,100.0,False
202602,validez,DIRECTA_IAXIS · 510310 · AA,52187,0,100.0,False
202602,validez,DIRECTA_IAXIS · 510310 · AL,1471853,0,100.0,False
202602,validez,DIRECTA_IAXIS · 510315 · AL,11426,0,100.0,False
202602,validez,TOTAL_PERIODO,21059491,0,100.0,True
202602,variacion,CEDIDAS_AS400 · 410305 · AA,4319,0,86.47,False
202602,variacion,CEDIDAS_AS400 · 510305 · AA,1719,1719,69.98,False
202602,variacion,CEDIDAS_IAXIS · 410305 · AL,35819,0,86.99,False
202602,variacion,CEDIDAS_IAXIS · 510305 · AL,9671,9671,50.5,False
202602,variacion,CEDIDAS_TERREMOTO · 263005 · AA,785,785,0.0,False
202602,variacion,CEDIDAS_TERREMOTO · 263005 · AL,115098,115098,0.0,False
202602,variacion,CEDIDAS_TERREMOTO · 410305 · AA,740,740,0.0,False
202602,variacion,CEDIDAS_TERREMOTO · 410305 · AL,106128,106128,0.0,False
202602,variacion,CEDIDAS_TERREMOTO · 510305 · AA,45,45,0.0,False
202602,variacion,CEDIDAS_TERREMOTO · 510305 · AL,8970,8970,0.0,False
202602,variacion,DIRECTA_IAXIS · 410305 · AA,55240,55240,18.29,False
202602,variacion,DIRECTA_IAXIS · 410305 · AL,9792933,9792933,63.98,False
202602,variacion,DIRECTA_IAXIS · 410310 · AA,19188,19188,41.22,False
202602,variacion,DIRECTA_IAXIS · 410310 · AL,1744185,1744185,52.31,False
202602,variacion,DIRECTA_IAXIS · 410315 · AL,99486,0,82.09,False
202602,variacion,DIRECTA_IAXIS · 510305 · AA,481802,481802,0.0,False
202602,variacion,DIRECTA_IAXIS · 510305 · AL,7047897,7047897,0.0,False
202602,variacion,DIRECTA_IAXIS · 510310 · AA,52187,52187,6.04,False
202602,variacion,DIRECTA_IAXIS · 510310 · AL,1471853,1471853,0.0,False
202602,variacion,DIRECTA_IAXIS · 510315 · AL,11426,11426,0.0,False
202602,variacion,TOTAL_PERIODO,21059491,20919867,27.89,True
202603,completitud,CEDIDAS_AS400 · 410305 · AA,4172,0,100.0,False
202603,completitud,CEDIDAS_AS400 · 510305 · AA,1868,0,100.0,False
202603,completitud,CEDIDAS_IAXIS · 410305 · AL,33721,0,100.0,False
202603,completitud,CEDIDAS_IAXIS · 510305 · AL,53797,0,100.0,False
202603,completitud,CEDIDAS_TERREMOTO · 263005 · AA,794,0,100.0,False
202603,completitud,CEDIDAS_TERREMOTO · 263005 · AL,117400,0,100.0,False
202603,completitud,CEDIDAS_TERREMOTO · 410305 · AA,757,0,100.0,False
202603,completitud,CEDIDAS_TERREMOTO · 410305 · AL,103357,0,100.0,False
202603,completitud,CEDIDAS_TERREMOTO · 510305 · AA,37,0,100.0,False
202603,completitud,CEDIDAS_TERREMOTO · 510305 · AL,14043,0,100.0,False
202603,completitud,DIRECTA_IAXIS · 410305 · AA,48269,0,100.0,False
202603,completitud,DIRECTA_IAXIS · 410305 · AL,8976620,0,100.0,False
202603,completitud,DIRECTA_IAXIS · 410310 · AA,16271,0,100.0,False
202603,completitud,DIRECTA_IAXIS · 410310 · AL,1513565,0,100.0,False
202603,completitud,DIRECTA_IAXIS · 410315 · AL,90031,0,100.0,False
202603,completitud,DIRECTA_IAXIS · 510305 · AA,481716,0,100.0,False
202603,completitud,DIRECTA_IAXIS · 510305 · AL,8105886,0,100.0,False
202603,completitud,DIRECTA_IAXIS · 510310 · AA,53132,0,100.0,False
202603,completitud,DIRECTA_IAXIS · 510310 · AL,1919823,0,100.0,False
202603,completitud,DIRECTA_IAXIS · 510315 · AL,18394,0,100.0,False
202603,completitud,TOTAL_PERIODO,21553653,0,100.0,True
202603,disponibilidad,disponibilidad_carga,20,0,100.0,True
202603,disponibilidad,frescura_carga,4,0,100.0,True
202603,disponibilidad,valores_en_cero,21553653,47322,99.78,True
202603,validez,CEDIDAS_AS400 · 410305 · AA,4172,0,100.0,False
202603,validez,CEDIDAS_AS400 · 510305 · AA,1868,0,100.0,False
202603,validez,CEDIDAS_IAXIS · 410305 · AL,33721,0,100.0,False
202603,validez,CEDIDAS_IAXIS · 510305 · AL,53797,0,100.0,False
202603,validez,CEDIDAS_TERREMOTO · 263005 · AA,794,0,100.0,False
202603,validez,CEDIDAS_TERREMOTO · 263005 · AL,117400,0,100.0,False
202603,validez,CEDIDAS_TERREMOTO · 410305 · AA,757,0,100.0,False
202603,validez,CEDIDAS_TERREMOTO · 410305 · AL,103357,0,100.0,False
202603,validez,CEDIDAS_TERREMOTO · 510305 · AA,37,0,100.0,False
202603,validez,CEDIDAS_TERREMOTO · 510305 · AL,14043,0,100.0,False
202603,validez,DIRECTA_IAXIS · 410305 · AA,48269,0,100.0,False
202603,validez,DIRECTA_IAXIS · 410305 · AL,8976620,0,100.0,False
202603,validez,DIRECTA_IAXIS · 410310 · AA,16271,0,100.0,False
202603,validez,DIRECTA_IAXIS · 410310 · AL,1513565,0,100.0,False
202603,validez,DIRECTA_IAXIS · 410315 · AL,90031,0,100.0,False
202603,validez,DIRECTA_IAXIS · 510305 · AA,481716,0,100.0,False
202603,validez,DIRECTA_IAXIS · 510305 · AL,8105886,0,100.0,False
202603,validez,DIRECTA_IAXIS · 510310 · AA,53132,0,100.0,False
202603,validez,DIRECTA_IAXIS · 510310 · AL,1919823,0,100.0,False
202603,validez,DIRECTA_IAXIS · 510315 · AL,18394,0,100.0,False
202603,validez,TOTAL_PERIODO,21553653,0,100.0,True
202603,variacion,CEDIDAS_AS400 · 410305 · AA,4172,0,88.71,False
202603,variacion,CEDIDAS_AS400 · 510305 · AA,1868,1868,53.76,False
202603,variacion,CEDIDAS_IAXIS · 410305 · AL,33721,0,87.9,False
202603,variacion,CEDIDAS_IAXIS · 510305 · AL,53797,53797,0.0,False
202603,variacion,CEDIDAS_TERREMOTO · 263005 · AA,794,794,20.78,False
202603,variacion,CEDIDAS_TERREMOTO · 263005 · AL,117400,117400,0.0,False
202603,variacion,CEDIDAS_TERREMOTO · 410305 · AA,757,0,93.66,False
202603,variacion,CEDIDAS_TERREMOTO · 410305 · AL,103357,103357,58.37,False
202603,variacion,CEDIDAS_TERREMOTO · 510305 · AA,37,37,0.0,False
202603,variacion,CEDIDAS_TERREMOTO · 510305 · AL,14043,14043,30.68,False
202603,variacion,DIRECTA_IAXIS · 410305 · AA,48269,48269,65.29,False
202603,variacion,DIRECTA_IAXIS · 410305 · AL,8976620,0,91.32,False
202603,variacion,DIRECTA_IAXIS · 410310 · AA,16271,0,84.8,False
202603,variacion,DIRECTA_IAXIS · 410310 · AL,1513565,0,86.78,False
202603,variacion,DIRECTA_IAXIS · 410315 · AL,90031,0,90.5,False
202603,variacion,DIRECTA_IAXIS · 510305 · AA,481716,481716,0.0,False
202603,variacion,DIRECTA_IAXIS · 510305 · AL,8105886,0,84.99,False
202603,variacion,DIRECTA_IAXIS · 510310 · AA,53132,53132,44.97,False
202603,variacion,DIRECTA_IAXIS · 510310 · AL,1919823,1919823,42.79,False
202603,variacion,DIRECTA_IAXIS · 510315 · AL,18394,18394,39.02,False
202603,variacion,TOTAL_PERIODO,21553653,2812630,53.22,True
202604,completitud,CEDIDAS_AS400 · 410305 · AA,3976,0,100.0,False
202604,completitud,CEDIDAS_AS400 · 510305 · AA,2038,0,100.0,False
202604,completitud,CEDIDAS_IAXIS · 410305 · AL,31639,0,100.0,False
202604,completitud,CEDIDAS_IAXIS · 510305 · AL,64566,0,100.0,False
202604,completitud,CEDIDAS_TERREMOTO · 263005 · AA,797,0,100.0,False
202604,completitud,CEDIDAS_TERREMOTO · 263005 · AL,116614,0,100.0,False
202604,completitud,CEDIDAS_TERREMOTO · 410305 · AA,707,0,100.0,False
202604,completitud,CEDIDAS_TERREMOTO · 410305 · AL,104912,0,100.0,False
202604,completitud,CEDIDAS_TERREMOTO · 510305 · AA,90,0,100.0,False
202604,completitud,CEDIDAS_TERREMOTO · 510305 · AL,11702,0,100.0,False
202604,completitud,DIRECTA_IAXIS · 410305 · AA,43264,0,100.0,False
202604,completitud,DIRECTA_IAXIS · 410305 · AL,8132819,0,100.0,False
202604,completitud,DIRECTA_IAXIS · 410310 · AA,14829,0,100.0,False
202604,completitud,DIRECTA_IAXIS · 410310 · AL,1351424,0,100.0,False
202604,completitud,DIRECTA_IAXIS · 410315 · AL,81474,0,100.0,False
202604,completitud,DIRECTA_IAXIS · 510305 · AA,486697,0,100.0,False
202604,completitud,DIRECTA_IAXIS · 510305 · AL,9259457,0,100.0,False
202604,completitud,DIRECTA_IAXIS · 510310 · AA,54998,0,100.0,False
202604,completitud,DIRECTA_IAXIS · 510310 · AL,2143781,0,100.0,False
202604,completitud,DIRECTA_IAXIS · 510315 · AL,24466,0,100.0,False
202604,completitud,TOTAL_PERIODO,21930250,0,100.0,True
202604,disponibilidad,disponibilidad_carga,20,0,100.0,True
202604,disponibilidad,frescura_carga,4,0,100.0,True
202604,disponibilidad,valores_en_cero,21930250,70046,99.68,True
202604,validez,CEDIDAS_AS400 · 410305 · AA,3976,0,100.0,False
202604,validez,CEDIDAS_AS400 · 510305 · AA,2038,0,100.0,False
202604,validez,CEDIDAS_IAXIS · 410305 · AL,31639,0,100.0,False
202604,validez,CEDIDAS_IAXIS · 510305 · AL,64566,0,100.0,False
202604,validez,CEDIDAS_TERREMOTO · 263005 · AA,797,0,100.0,False
202604,validez,CEDIDAS_TERREMOTO · 263005 · AL,116614,0,100.0,False
202604,validez,CEDIDAS_TERREMOTO · 410305 · AA,707,0,100.0,False
202604,validez,CEDIDAS_TERREMOTO · 410305 · AL,104912,0,100.0,False
202604,validez,CEDIDAS_TERREMOTO · 510305 · AA,90,0,100.0,False
202604,validez,CEDIDAS_TERREMOTO · 510305 · AL,11702,0,100.0,False
202604,validez,DIRECTA_IAXIS · 410305 · AA,43264,0,100.0,False
202604,validez,DIRECTA_IAXIS · 410305 · AL,8132819,0,100.0,False
202604,validez,DIRECTA_IAXIS · 410310 · AA,14829,0,100.0,False
202604,validez,DIRECTA_IAXIS · 410310 · AL,1351424,0,100.0,False
202604,validez,DIRECTA_IAXIS · 410315 · AL,81474,0,100.0,False
202604,validez,DIRECTA_IAXIS · 510305 · AA,486697,0,100.0,False
202604,validez,DIRECTA_IAXIS · 510305 · AL,9259457,0,100.0,False
202604,validez,DIRECTA_IAXIS · 510310 · AA,54998,0,100.0,False
202604,validez,DIRECTA_IAXIS · 510310 · AL,2143781,0,100.0,False
202604,validez,DIRECTA_IAXIS · 510315 · AL,24466,0,100.0,False
202604,validez,TOTAL_PERIODO,21930250,0,100.0,True
202604,variacion,CEDIDAS_AS400 · 410305 · AA,3976,0,89.64,False
202604,variacion,CEDIDAS_AS400 · 510305 · AA,2038,2038,41.71,False
202604,variacion,CEDIDAS_IAXIS · 410305 · AL,31639,0,82.04,False
202604,variacion,CEDIDAS_IAXIS · 510305 · AL,64566,64566,0.0,False
202604,variacion,CEDIDAS_TERREMOTO · 263005 · AA,797,797,0.0,False
202604,variacion,CEDIDAS_TERREMOTO · 263005 · AL,116614,116614,75.35,False
202604,variacion,CEDIDAS_TERREMOTO · 410305 · AA,707,707,60.63,False
202604,variacion,CEDIDAS_TERREMOTO · 410305 · AL,104912,0,85.84,False
202604,variacion,CEDIDAS_TERREMOTO · 510305 · AA,90,90,0.0,False
202604,variacion,CEDIDAS_TERREMOTO · 510305 · AL,11702,11702,27.37,False
202604,variacion,DIRECTA_IAXIS · 410305 · AA,43264,43264,2.32,False
202604,variacion,DIRECTA_IAXIS · 410305 · AL,8132819,0,83.86,False
202604,variacion,DIRECTA_IAXIS · 410310 · AA,14829,0,81.52,False
202604,variacion,DIRECTA_IAXIS · 410310 · AL,1351424,0,88.87,False
202604,variacion,DIRECTA_IAXIS · 410315 · AL,81474,0,88.18,False
202604,variacion,DIRECTA_IAXIS · 510305 · AA,486697,486697,52.59,False
202604,variacion,DIRECTA_IAXIS · 510305 · AL,9259457,9259457,70.72,False
202604,variacion,DIRECTA_IAXIS · 510310 · AA,54998,54998,54.87,False
202604,variacion,DIRECTA_IAXIS · 510310 · AL,2143781,2143781,67.7,False
202604,variacion,DIRECTA_IAXIS · 510315 · AL,24466,24466,66.99,False
202604,variacion,TOTAL_PERIODO,21930250,12209177,56.01,True
202605,completitud,CEDIDAS_AS400 · 410305 · AA,3810,0,100.0,False
202605,completitud,CEDIDAS_AS400 · 510305 · AA,2177,0,100.0,False
202605,completitud,CEDIDAS_IAXIS · 410305 · AL,27018,0,100.0,False
202605,completitud,CEDIDAS_IAXIS · 510305 · AL,71645,0,100.0,False
202605,completitud,CEDIDAS_TERREMOTO · 263005 · AA,794,0,100.0,False
202605,completitud,CEDIDAS_TERREMOTO · 263005 · AL,122176,0,100.0,False
202605,completitud,CEDIDAS_TERREMOTO · 410305 · AA,695,0,100.0,False
202605,completitud,CEDIDAS_TERREMOTO · 410305 · AL,100278,0,100.0,False
202605,completitud,CEDIDAS_TERREMOTO · 510305 · AA,99,0,100.0,False
202605,completitud,CEDIDAS_TERREMOTO · 510305 · AL,21898,0,100.0,False
202605,completitud,DIRECTA_IAXIS · 410305 · AA,40152,0,100.0,False
202605,completitud,DIRECTA_IAXIS · 410305 · AL,7286000,0,100.0,False
202605,completitud,DIRECTA_IAXIS · 410310 · AA,12770,0,100.0,False
202605,completitud,DIRECTA_IAXIS · 410310 · AL,1200276,0,100.0,False
202605,completitud,DIRECTA_IAXIS · 410315 · AL,73733,0,100.0,False
202605,completitud,DIRECTA_IAXIS · 510305 · AA,491581,0,100.0,False
202605,completitud,DIRECTA_IAXIS · 510305 · AL,10237982,0,100.0,False
202605,completitud,DIRECTA_IAXIS · 510310 · AA,54593,0,100.0,False
202605,completitud,DIRECTA_IAXIS · 510310 · AL,2331278,0,100.0,False
202605,completitud,DIRECTA_IAXIS · 510315 · AL,29679,0,100.0,False
202605,completitud,TOTAL_PERIODO,22108634,0,100.0,True
202605,disponibilidad,disponibilidad_carga,20,0,100.0,True
202605,disponibilidad,frescura_carga,4,0,100.0,True
202605,disponibilidad,valores_en_cero,22108634,94846,99.57,True
202605,validez,CEDIDAS_AS400 · 410305 · AA,3810,0,100.0,False
202605,validez,CEDIDAS_AS400 · 510305 · AA,2177,0,100.0,False
202605,validez,CEDIDAS_IAXIS · 410305 · AL,27018,0,100.0,False
202605,validez,CEDIDAS_IAXIS · 510305 · AL,71645,0,100.0,False
202605,validez,CEDIDAS_TERREMOTO · 263005 · AA,794,0,100.0,False
202605,validez,CEDIDAS_TERREMOTO · 263005 · AL,122176,0,100.0,False
202605,validez,CEDIDAS_TERREMOTO · 410305 · AA,695,0,100.0,False
202605,validez,CEDIDAS_TERREMOTO · 410305 · AL,100278,0,100.0,False
202605,validez,CEDIDAS_TERREMOTO · 510305 · AA,99,0,100.0,False
202605,validez,CEDIDAS_TERREMOTO · 510305 · AL,21898,0,100.0,False
202605,validez,DIRECTA_IAXIS · 410305 · AA,40152,0,100.0,False
202605,validez,DIRECTA_IAXIS · 410305 · AL,7286000,0,100.0,False
202605,validez,DIRECTA_IAXIS · 410310 · AA,12770,0,100.0,False
202605,validez,DIRECTA_IAXIS · 410310 · AL,1200276,0,100.0,False
202605,validez,DIRECTA_IAXIS · 410315 · AL,73733,0,100.0,False
202605,validez,DIRECTA_IAXIS · 510305 · AA,491581,0,100.0,False
202605,validez,DIRECTA_IAXIS · 510305 · AL,10237982,0,100.0,False
202605,validez,DIRECTA_IAXIS · 510310 · AA,54593,0,100.0,False
202605,validez,DIRECTA_IAXIS · 510310 · AL,2331278,0,100.0,False
202605,validez,DIRECTA_IAXIS · 510315 · AL,29679,0,100.0,False
202605,validez,TOTAL_PERIODO,22108634,0,100.0,True
202605,variacion,CEDIDAS_AS400 · 410305 · AA,3810,0,89.34,False
202605,variacion,CEDIDAS_AS400 · 510305 · AA,2177,2177,0.0,False
202605,variacion,CEDIDAS_IAXIS · 410305 · AL,27018,0,85.39,False
202605,variacion,CEDIDAS_IAXIS · 510305 · AL,71645,71645,0.0,False
202605,variacion,CEDIDAS_TERREMOTO · 263005 · AA,794,794,0.0,False
202605,variacion,CEDIDAS_TERREMOTO · 263005 · AL,122176,122176,0.0,False
202605,variacion,CEDIDAS_TERREMOTO · 410305 · AA,695,695,0.0,False
202605,variacion,CEDIDAS_TERREMOTO · 410305 · AL,100278,100278,50.62,False
202605,variacion,CEDIDAS_TERREMOTO · 510305 · AA,99,99,0.0,False
202605,variacion,CEDIDAS_TERREMOTO · 510305 · AL,21898,21898,0.0,False
202605,variacion,DIRECTA_IAXIS · 410305 · AA,40152,40152,0.0,False
202605,variacion,DIRECTA_IAXIS · 410305 · AL,7286000,0,89.59,False
202605,variacion,DIRECTA_IAXIS · 410310 · AA,12770,0,86.12,False
202605,variacion,DIRECTA_IAXIS · 410310 · AL,1200276,0,88.82,False
202605,variacion,DIRECTA_IAXIS · 410315 · AL,73733,0,90.5,False
202605,variacion,DIRECTA_IAXIS · 510305 · AA,491581,0,80.09,False
202605,variacion,DIRECTA_IAXIS · 510305 · AL,10237982,0,81.14,False
202605,variacion,DIRECTA_IAXIS · 510310 · AA,54593,54593,69.82,False
202605,variacion,DIRECTA_IAXIS · 510310 · AL,2331278,0,85.94,False
202605,variacion,DIRECTA_IAXIS · 510315 · AL,29679,29679,78.69,False
202605,variacion,TOTAL_PERIODO,22108634,444186,48.8,True
202606,completitud,CEDIDAS_AS400 · 410305 · AA,3596,0,100.0,False
202606,completitud,CEDIDAS_AS400 · 510305 · AA,2297,0,100.0,False
202606,completitud,CEDIDAS_IAXIS · 410305 · AL,23989,0,100.0,False
202606,completitud,CEDIDAS_IAXIS · 510305 · AL,80137,0,100.0,False
202606,completitud,CEDIDAS_TERREMOTO · 263005 · AA,32,0,100.0,False
202606,completitud,CEDIDAS_TERREMOTO · 263005 · AL,90568,0,100.0,False
202606,completitud,CEDIDAS_TERREMOTO · 410305 · AA,1,0,100.0,False
202606,completitud,CEDIDAS_TERREMOTO · 410305 · AL,64065,0,100.0,False
202606,completitud,CEDIDAS_TERREMOTO · 510305 · AA,31,0,100.0,False
202606,completitud,CEDIDAS_TERREMOTO · 510305 · AL,26503,0,100.0,False
202606,completitud,DIRECTA_IAXIS · 410305 · AA,36857,0,100.0,False
202606,completitud,DIRECTA_IAXIS · 410305 · AL,6459453,0,100.0,False
202606,completitud,DIRECTA_IAXIS · 410310 · AA,9570,0,100.0,False
202606,completitud,DIRECTA_IAXIS · 410310 · AL,1055696,0,100.0,False
202606,completitud,DIRECTA_IAXIS · 410315 · AL,65536,0,100.0,False
202606,completitud,DIRECTA_IAXIS · 510305 · AA,487096,0,100.0,False
202606,completitud,DIRECTA_IAXIS · 510305 · AL,11061121,0,100.0,False
202606,completitud,DIRECTA_IAXIS · 510310 · AA,55558,0,100.0,False
202606,completitud,DIRECTA_IAXIS · 510310 · AL,2488793,0,100.0,False
202606,completitud,DIRECTA_IAXIS · 510315 · AL,35253,0,100.0,False
202606,completitud,TOTAL_PERIODO,22046152,0,100.0,True
202606,disponibilidad,disponibilidad_carga,20,0,100.0,True
202606,disponibilidad,frescura_carga,4,0,100.0,True
202606,disponibilidad,valores_en_cero,22046152,65051,99.7,True
202606,validez,CEDIDAS_AS400 · 410305 · AA,3596,0,100.0,False
202606,validez,CEDIDAS_AS400 · 510305 · AA,2297,0,100.0,False
202606,validez,CEDIDAS_IAXIS · 410305 · AL,23989,0,100.0,False
202606,validez,CEDIDAS_IAXIS · 510305 · AL,80137,0,100.0,False
202606,validez,CEDIDAS_TERREMOTO · 263005 · AA,32,0,100.0,False
202606,validez,CEDIDAS_TERREMOTO · 263005 · AL,90568,0,100.0,False
202606,validez,CEDIDAS_TERREMOTO · 410305 · AA,1,0,100.0,False
202606,validez,CEDIDAS_TERREMOTO · 410305 · AL,64065,0,100.0,False
202606,validez,CEDIDAS_TERREMOTO · 510305 · AA,31,0,100.0,False
202606,validez,CEDIDAS_TERREMOTO · 510305 · AL,26503,0,100.0,False
202606,validez,DIRECTA_IAXIS · 410305 · AA,36857,0,100.0,False
202606,validez,DIRECTA_IAXIS · 410305 · AL,6459453,0,100.0,False
202606,validez,DIRECTA_IAXIS · 410310 · AA,9570,0,100.0,False
202606,validez,DIRECTA_IAXIS · 410310 · AL,1055696,0,100.0,False
202606,validez,DIRECTA_IAXIS · 410315 · AL,65536,0,100.0,False
202606,validez,DIRECTA_IAXIS · 510305 · AA,487096,0,100.0,False
202606,validez,DIRECTA_IAXIS · 510305 · AL,11061121,0,100.0,False
202606,validez,DIRECTA_IAXIS · 510310 · AA,55558,0,100.0,False
202606,validez,DIRECTA_IAXIS · 510310 · AL,2488793,0,100.0,False
202606,validez,DIRECTA_IAXIS · 510315 · AL,35253,0,100.0,False
202606,validez,TOTAL_PERIODO,22046152,0,100.0,True
202606,variacion,CEDIDAS_AS400 · 410305 · AA,3596,0,86.48,False
202606,variacion,CEDIDAS_AS400 · 510305 · AA,2297,2297,0.0,False
202606,variacion,CEDIDAS_IAXIS · 410305 · AL,23989,0,86.43,False
202606,variacion,CEDIDAS_IAXIS · 510305 · AL,80137,80137,33.38,False
202606,variacion,CEDIDAS_TERREMOTO · 263005 · AA,32,32,0.0,False
202606,variacion,CEDIDAS_TERREMOTO · 263005 · AL,90568,90568,0.0,False
202606,variacion,CEDIDAS_TERREMOTO · 410305 · AA,1,1,0.0,False
202606,variacion,CEDIDAS_TERREMOTO · 410305 · AL,64065,64065,63.89,False
202606,variacion,CEDIDAS_TERREMOTO · 510305 · AA,31,31,0.0,False
202606,variacion,CEDIDAS_TERREMOTO · 510305 · AL,26503,26503,13.12,False
202606,variacion,DIRECTA_IAXIS · 410305 · AA,36857,0,91.79,False
202606,variacion,DIRECTA_IAXIS · 410305 · AL,6459453,0,85.25,False
202606,variacion,DIRECTA_IAXIS · 410310 · AA,9570,9570,74.94,False
202606,variacion,DIRECTA_IAXIS · 410310 · AL,1055696,0,87.95,False
202606,variacion,DIRECTA_IAXIS · 410315 · AL,65536,0,85.87,False
202606,variacion,DIRECTA_IAXIS · 510305 · AA,487096,487096,0.0,False
202606,variacion,DIRECTA_IAXIS · 510305 · AL,11061121,11061121,76.85,False
202606,variacion,DIRECTA_IAXIS · 510310 · AA,55558,55558,40.69,False
202606,variacion,DIRECTA_IAXIS · 510310 · AL,2488793,0,84.6,False
202606,variacion,DIRECTA_IAXIS · 510315 · AL,35253,0,81.22,False
202606,variacion,TOTAL_PERIODO,22046152,11876979,49.62,True
